ticker_1,ticker_2,sector,eg_pvalue,eg_direction,eg_significant,beta,jo_trace_stat,jo_trace_cv,jo_significant,both_significant,half_life_days,hl_tradeable
SUNPHARMA.NS,CIPLA.NS,pharma,0.361462,CIPLA.NS~SUNPHARMA.NS,False,1.274271,7.7876,15.4943,False,False,67.5,True
SUNPHARMA.NS,DRREDDY.NS,pharma,0.527255,DRREDDY.NS~SUNPHARMA.NS,False,2.095889,6.452,15.4943,False,False,136.25,False
SUNPHARMA.NS,LUPIN.NS,pharma,0.942984,LUPIN.NS~SUNPHARMA.NS,False,4.451407,1.9073,15.4943,False,False,429.47,False
SUNPHARMA.NS,AUROPHARMA.NS,pharma,0.652416,AUROPHARMA.NS~SUNPHARMA.NS,False,5.002981,3.2929,15.4943,False,False,186.88,False
SUNPHARMA.NS,DIVISLAB.NS,pharma,0.877105,DIVISLAB.NS~SUNPHARMA.NS,False,1.620987,7.5676,15.4943,False,False,318.26,False
SUNPHARMA.NS,TORNTPHARM.NS,pharma,0.356331,TORNTPHARM.NS~SUNPHARMA.NS,False,1.442771,10.7449,15.4943,False,False,65.16,True
SUNPHARMA.NS,ALKEM.NS,pharma,0.204483,ALKEM.NS~SUNPHARMA.NS,False,1.618486,10.8761,15.4943,False,False,66.13,True
SUNPHARMA.NS,IPCALAB.NS,pharma,0.613558,IPCALAB.NS~SUNPHARMA.NS,False,2.305245,7.5974,15.4943,False,False,156.6,False
SUNPHARMA.NS,BIOCON.NS,pharma,0.61494,BIOCON.NS~SUNPHARMA.NS,False,-7.516334,5.416,15.4943,False,False,133.06,False
SUNPHARMA.NS,ABBOTINDIA.NS,pharma,0.027022,ABBOTINDIA.NS~SUNPHARMA.NS,True,1.476265,16.2563,15.4943,True,True,66.51,True
SUNPHARMA.NS,GLAXO.NS,pharma,0.231798,GLAXO.NS~SUNPHARMA.NS,False,4.254897,7.2869,15.4943,False,False,79.56,True
SUNPHARMA.NS,PFIZER.NS,pharma,0.604695,PFIZER.NS~SUNPHARMA.NS,False,6.682556,7.538,15.4943,False,False,151.31,False
SUNPHARMA.NS,ZYDUSLIFE.NS,pharma,0.78947,SUNPHARMA.NS~ZYDUSLIFE.NS,False,0.93093,3.8036,15.4943,False,False,250.12,False
SUNPHARMA.NS,SANOFI.NS,pharma,0.528129,SANOFI.NS~SUNPHARMA.NS,False,4.075998,7.6239,15.4943,False,False,131.79,False
SUNPHARMA.NS,LAURUSLABS.NS,pharma,0.956809,LAURUSLABS.NS~SUNPHARMA.NS,False,0.663751,6.069,15.4943,False,False,775.57,False
SUNPHARMA.NS,GRANULES.NS,pharma,0.614325,GRANULES.NS~SUNPHARMA.NS,False,1.210604,7.0017,15.4943,False,False,169.97,False
SUNPHARMA.NS,NATCOPHARM.NS,pharma,0.689194,NATCOPHARM.NS~SUNPHARMA.NS,False,4.838519,4.9599,15.4943,False,False,163.0,False
SUNPHARMA.NS,GLENMARK.NS,pharma,0.466331,GLENMARK.NS~SUNPHARMA.NS,False,2.06425,6.2155,15.4943,False,False,125.3,True
CIPLA.NS,DRREDDY.NS,pharma,0.453392,DRREDDY.NS~CIPLA.NS,False,1.543215,7.9239,15.4943,False,False,87.21,True
CIPLA.NS,LUPIN.NS,pharma,0.839958,CIPLA.NS~LUPIN.NS,False,0.724755,1.8854,15.4943,False,False,384.37,False
CIPLA.NS,AUROPHARMA.NS,pharma,0.645346,AUROPHARMA.NS~CIPLA.NS,False,2.661788,4.17,15.4943,False,False,150.91,False
CIPLA.NS,DIVISLAB.NS,pharma,0.855977,DIVISLAB.NS~CIPLA.NS,False,1.17458,4.4388,15.4943,False,False,225.46,False
CIPLA.NS,TORNTPHARM.NS,pharma,0.254665,CIPLA.NS~TORNTPHARM.NS,False,1.019814,13.9253,15.4943,False,False,59.95,True
CIPLA.NS,ALKEM.NS,pharma,0.365104,ALKEM.NS~CIPLA.NS,False,1.354005,7.9323,15.4943,False,False,73.21,True
CIPLA.NS,IPCALAB.NS,pharma,0.59402,IPCALAB.NS~CIPLA.NS,False,1.558368,7.3994,15.4943,False,False,115.03,True
CIPLA.NS,BIOCON.NS,pharma,0.719105,BIOCON.NS~CIPLA.NS,False,-315.079642,5.3143,15.4943,False,False,162.89,False
CIPLA.NS,ABBOTINDIA.NS,pharma,0.140249,ABBOTINDIA.NS~CIPLA.NS,False,1.274663,12.7963,15.4943,False,False,85.74,True
CIPLA.NS,GLAXO.NS,pharma,0.326767,GLAXO.NS~CIPLA.NS,False,3.576882,5.4375,15.4943,False,False,82.67,True
CIPLA.NS,PFIZER.NS,pharma,0.612259,PFIZER.NS~CIPLA.NS,False,3.714333,5.0795,15.4943,False,False,143.03,False
CIPLA.NS,ZYDUSLIFE.NS,pharma,0.593736,CIPLA.NS~ZYDUSLIFE.NS,False,0.830811,5.1846,15.4943,False,False,128.91,False
CIPLA.NS,SANOFI.NS,pharma,0.408949,SANOFI.NS~CIPLA.NS,False,2.968033,7.3971,15.4943,False,False,114.71,True
CIPLA.NS,LAURUSLABS.NS,pharma,0.935972,LAURUSLABS.NS~CIPLA.NS,False,0.488478,2.8417,15.4943,False,False,273.67,False
CIPLA.NS,GRANULES.NS,pharma,0.472957,GRANULES.NS~CIPLA.NS,False,0.871237,6.5544,15.4943,False,False,93.17,True
CIPLA.NS,NATCOPHARM.NS,pharma,0.62541,NATCOPHARM.NS~CIPLA.NS,False,2.77379,4.1344,15.4943,False,False,139.79,False
CIPLA.NS,GLENMARK.NS,pharma,0.164217,CIPLA.NS~GLENMARK.NS,False,0.762188,10.5448,15.4943,False,False,109.71,True
DRREDDY.NS,LUPIN.NS,pharma,0.497429,DRREDDY.NS~LUPIN.NS,False,0.715065,6.2348,15.4943,False,False,140.69,False
DRREDDY.NS,AUROPHARMA.NS,pharma,0.214616,DRREDDY.NS~AUROPHARMA.NS,False,0.574785,11.4802,15.4943,False,False,111.89,True
DRREDDY.NS,DIVISLAB.NS,pharma,0.749291,DIVISLAB.NS~DRREDDY.NS,False,0.841828,7.6717,15.4943,False,False,152.71,False
DRREDDY.NS,TORNTPHARM.NS,pharma,0.11942,DRREDDY.NS~TORNTPHARM.NS,False,0.743316,8.6425,15.4943,False,False,52.24,True
DRREDDY.NS,ALKEM.NS,pharma,0.341852,DRREDDY.NS~ALKEM.NS,False,0.788766,8.481,15.4943,False,False,58.95,True
DRREDDY.NS,IPCALAB.NS,pharma,0.276997,IPCALAB.NS~DRREDDY.NS,False,0.989486,10.4656,15.4943,False,False,55.22,True
DRREDDY.NS,BIOCON.NS,pharma,0.774248,BIOCON.NS~DRREDDY.NS,False,4.74127,3.8132,15.4943,False,False,178.62,False
DRREDDY.NS,ABBOTINDIA.NS,pharma,0.256937,ABBOTINDIA.NS~DRREDDY.NS,False,0.913187,13.6756,15.4943,False,False,70.92,True
DRREDDY.NS,GLAXO.NS,pharma,0.384709,GLAXO.NS~DRREDDY.NS,False,2.511253,7.1179,15.4943,False,False,76.84,True
DRREDDY.NS,PFIZER.NS,pharma,0.569684,PFIZER.NS~DRREDDY.NS,False,1.989695,7.2109,15.4943,False,False,96.02,True
DRREDDY.NS,ZYDUSLIFE.NS,pharma,0.0543,DRREDDY.NS~ZYDUSLIFE.NS,False,0.670966,13.2279,15.4943,False,False,39.69,True
DRREDDY.NS,SANOFI.NS,pharma,0.054986,SANOFI.NS~DRREDDY.NS,False,1.725549,11.957,15.4943,False,False,48.4,True
DRREDDY.NS,LAURUSLABS.NS,pharma,0.822319,DRREDDY.NS~LAURUSLABS.NS,False,0.259631,12.9113,15.4943,False,False,156.87,False
DRREDDY.NS,GRANULES.NS,pharma,0.057776,DRREDDY.NS~GRANULES.NS,False,0.518451,16.3324,15.4943,True,False,34.49,True
DRREDDY.NS,NATCOPHARM.NS,pharma,0.607289,NATCOPHARM.NS~DRREDDY.NS,False,1.48815,12.0064,15.4943,False,False,82.27,True
DRREDDY.NS,GLENMARK.NS,pharma,0.039285,DRREDDY.NS~GLENMARK.NS,True,0.556254,19.6624,15.4943,True,True,81.61,True
LUPIN.NS,AUROPHARMA.NS,pharma,0.045706,AUROPHARMA.NS~LUPIN.NS,True,0.960175,13.7979,15.4943,False,False,36.85,True
LUPIN.NS,DIVISLAB.NS,pharma,0.774276,DIVISLAB.NS~LUPIN.NS,False,1.598119,3.3089,15.4943,False,False,320.27,False
LUPIN.NS,TORNTPHARM.NS,pharma,0.825098,TORNTPHARM.NS~LUPIN.NS,False,1.346267,5.3258,15.4943,False,False,260.56,False
LUPIN.NS,ALKEM.NS,pharma,0.535521,ALKEM.NS~LUPIN.NS,False,1.498852,4.1957,15.4943,False,False,169.05,False
LUPIN.NS,IPCALAB.NS,pharma,0.463874,IPCALAB.NS~LUPIN.NS,False,1.508096,6.4024,15.4943,False,False,146.43,False
LUPIN.NS,BIOCON.NS,pharma,0.815538,BIOCON.NS~LUPIN.NS,False,4.598935,3.2436,15.4943,False,False,202.82,False
LUPIN.NS,ABBOTINDIA.NS,pharma,0.213463,ABBOTINDIA.NS~LUPIN.NS,False,1.856859,9.7451,15.4943,False,False,158.2,False
LUPIN.NS,GLAXO.NS,pharma,0.180462,GLAXO.NS~LUPIN.NS,False,2.393972,7.2521,15.4943,False,False,64.69,True
LUPIN.NS,PFIZER.NS,pharma,0.581446,PFIZER.NS~LUPIN.NS,False,2.927798,4.9469,15.4943,False,False,142.27,False
LUPIN.NS,ZYDUSLIFE.NS,pharma,0.681549,LUPIN.NS~ZYDUSLIFE.NS,False,0.509129,4.2357,15.4943,False,False,133.33,False
LUPIN.NS,SANOFI.NS,pharma,0.122259,SANOFI.NS~LUPIN.NS,False,1.783861,8.6828,15.4943,False,False,60.42,True
LUPIN.NS,LAURUSLABS.NS,pharma,0.780351,LAURUSLABS.NS~LUPIN.NS,False,0.850029,6.0425,15.4943,False,False,522.62,False
LUPIN.NS,GRANULES.NS,pharma,0.598651,GRANULES.NS~LUPIN.NS,False,0.993399,3.7435,15.4943,False,False,193.46,False
LUPIN.NS,NATCOPHARM.NS,pharma,0.452596,NATCOPHARM.NS~LUPIN.NS,False,1.394871,11.8914,15.4943,False,False,70.42,True
LUPIN.NS,GLENMARK.NS,pharma,0.363321,GLENMARK.NS~LUPIN.NS,False,0.945939,8.7901,15.4943,False,False,65.36,True
AUROPHARMA.NS,DIVISLAB.NS,pharma,0.440582,DIVISLAB.NS~AUROPHARMA.NS,False,1.806703,6.9328,15.4943,False,False,203.45,False
AUROPHARMA.NS,TORNTPHARM.NS,pharma,0.501287,AUROPHARMA.NS~TORNTPHARM.NS,False,0.423161,5.8951,15.4943,False,False,138.97,False
AUROPHARMA.NS,ALKEM.NS,pharma,0.44134,AUROPHARMA.NS~ALKEM.NS,False,0.445345,6.3825,15.4943,False,False,130.99,False
AUROPHARMA.NS,IPCALAB.NS,pharma,0.217267,IPCALAB.NS~AUROPHARMA.NS,False,1.825234,8.8278,15.4943,False,False,111.18,True
AUROPHARMA.NS,BIOCON.NS,pharma,0.817186,BIOCON.NS~AUROPHARMA.NS,False,3.30271,3.2751,15.4943,False,False,190.11,False
AUROPHARMA.NS,ABBOTINDIA.NS,pharma,0.150841,ABBOTINDIA.NS~AUROPHARMA.NS,False,3.420517,12.7701,15.4943,False,False,169.4,False
AUROPHARMA.NS,GLAXO.NS,pharma,0.312596,GLAXO.NS~AUROPHARMA.NS,False,3.719125,8.188,15.4943,False,False,91.42,True
AUROPHARMA.NS,PFIZER.NS,pharma,0.355294,PFIZER.NS~AUROPHARMA.NS,False,3.826155,7.2621,15.4943,False,False,117.07,True
AUROPHARMA.NS,ZYDUSLIFE.NS,pharma,0.388809,AUROPHARMA.NS~ZYDUSLIFE.NS,False,0.537657,8.6552,15.4943,False,False,105.27,True
AUROPHARMA.NS,SANOFI.NS,pharma,0.047343,SANOFI.NS~AUROPHARMA.NS,True,2.273433,12.9206,15.4943,False,False,58.23,True
AUROPHARMA.NS,LAURUSLABS.NS,pharma,0.552635,LAURUSLABS.NS~AUROPHARMA.NS,False,0.918125,14.0911,15.4943,False,False,329.41,False
AUROPHARMA.NS,GRANULES.NS,pharma,0.324235,GRANULES.NS~AUROPHARMA.NS,False,1.199724,7.0688,15.4943,False,False,153.28,False
AUROPHARMA.NS,NATCOPHARM.NS,pharma,0.127371,NATCOPHARM.NS~AUROPHARMA.NS,False,1.609614,13.9667,15.4943,False,False,54.47,True
AUROPHARMA.NS,GLENMARK.NS,pharma,0.694624,AUROPHARMA.NS~GLENMARK.NS,False,0.718834,5.8281,15.4943,False,False,77.21,True
DIVISLAB.NS,TORNTPHARM.NS,pharma,0.928696,DIVISLAB.NS~TORNTPHARM.NS,False,0.868671,3.3037,15.4943,False,False,285.72,False
DIVISLAB.NS,ALKEM.NS,pharma,0.870987,DIVISLAB.NS~ALKEM.NS,False,1.032934,4.494,15.4943,False,False,173.58,False
DIVISLAB.NS,IPCALAB.NS,pharma,0.465529,DIVISLAB.NS~IPCALAB.NS,False,1.107521,12.5111,15.4943,False,False,66.03,True
DIVISLAB.NS,BIOCON.NS,pharma,0.633397,DIVISLAB.NS~BIOCON.NS,False,0.631596,7.5317,15.4943,False,False,249.0,False
DIVISLAB.NS,ABBOTINDIA.NS,pharma,0.741697,ABBOTINDIA.NS~DIVISLAB.NS,False,1.456007,8.3281,15.4943,False,False,194.24,False
DIVISLAB.NS,GLAXO.NS,pharma,0.650979,GLAXO.NS~DIVISLAB.NS,False,4.175931,6.3399,15.4943,False,False,130.76,False
DIVISLAB.NS,PFIZER.NS,pharma,0.255925,PFIZER.NS~DIVISLAB.NS,False,2.417509,13.6821,15.4943,False,False,61.81,True
DIVISLAB.NS,ZYDUSLIFE.NS,pharma,0.839232,DIVISLAB.NS~ZYDUSLIFE.NS,False,0.760393,5.7333,15.4943,False,False,312.76,False
DIVISLAB.NS,SANOFI.NS,pharma,0.802904,SANOFI.NS~DIVISLAB.NS,False,2.824207,8.2172,15.4943,False,False,129.8,False
DIVISLAB.NS,LAURUSLABS.NS,pharma,0.03323,LAURUSLABS.NS~DIVISLAB.NS,True,0.457586,17.7641,15.4943,True,True,40.45,True
DIVISLAB.NS,GRANULES.NS,pharma,0.433798,DIVISLAB.NS~GRANULES.NS,False,0.695053,10.6424,15.4943,False,False,84.86,True
DIVISLAB.NS,NATCOPHARM.NS,pharma,0.566011,DIVISLAB.NS~NATCOPHARM.NS,False,1.173769,12.2982,15.4943,False,False,110.41,True
DIVISLAB.NS,GLENMARK.NS,pharma,0.345773,DIVISLAB.NS~GLENMARK.NS,False,0.537131,7.2324,15.4943,False,False,179.41,False
TORNTPHARM.NS,ALKEM.NS,pharma,0.005622,ALKEM.NS~TORNTPHARM.NS,True,1.137368,16.6605,15.4943,True,True,26.4,True
TORNTPHARM.NS,IPCALAB.NS,pharma,0.578244,IPCALAB.NS~TORNTPHARM.NS,False,1.406105,5.7517,15.4943,False,False,115.67,True
TORNTPHARM.NS,BIOCON.NS,pharma,0.698494,BIOCON.NS~TORNTPHARM.NS,False,-25.941431,3.1731,15.4943,False,False,156.73,False
TORNTPHARM.NS,ABBOTINDIA.NS,pharma,0.021659,ABBOTINDIA.NS~TORNTPHARM.NS,True,1.019755,23.6146,15.4943,True,True,30.92,True
TORNTPHARM.NS,GLAXO.NS,pharma,0.137185,GLAXO.NS~TORNTPHARM.NS,False,2.815413,7.7393,15.4943,False,False,57.58,True
TORNTPHARM.NS,PFIZER.NS,pharma,0.623611,PFIZER.NS~TORNTPHARM.NS,False,3.332716,4.3763,15.4943,False,False,141.33,False
TORNTPHARM.NS,ZYDUSLIFE.NS,pharma,0.204894,TORNTPHARM.NS~ZYDUSLIFE.NS,False,0.790235,9.0727,15.4943,False,False,70.39,True
TORNTPHARM.NS,SANOFI.NS,pharma,0.229573,SANOFI.NS~TORNTPHARM.NS,False,2.298392,7.2502,15.4943,False,False,70.36,True
TORNTPHARM.NS,LAURUSLABS.NS,pharma,0.960868,LAURUSLABS.NS~TORNTPHARM.NS,False,0.507125,3.0256,15.4943,False,False,507.48,False
TORNTPHARM.NS,GRANULES.NS,pharma,0.577136,GRANULES.NS~TORNTPHARM.NS,False,0.790189,5.5859,15.4943,False,False,95.39,True
TORNTPHARM.NS,NATCOPHARM.NS,pharma,0.637973,NATCOPHARM.NS~TORNTPHARM.NS,False,2.538724,5.0715,15.4943,False,False,132.63,False
TORNTPHARM.NS,GLENMARK.NS,pharma,0.253949,GLENMARK.NS~TORNTPHARM.NS,False,1.476395,14.5007,15.4943,False,False,92.12,True
ALKEM.NS,IPCALAB.NS,pharma,0.590407,IPCALAB.NS~ALKEM.NS,False,1.19943,6.5317,15.4943,False,False,91.84,True
ALKEM.NS,BIOCON.NS,pharma,0.726555,BIOCON.NS~ALKEM.NS,False,73.283239,4.6539,15.4943,False,False,164.98,False
ALKEM.NS,ABBOTINDIA.NS,pharma,0.032445,ABBOTINDIA.NS~ALKEM.NS,True,0.950685,14.4626,15.4943,False,False,42.24,True
ALKEM.NS,GLAXO.NS,pharma,0.05069,GLAXO.NS~ALKEM.NS,False,2.488165,9.466,15.4943,False,False,51.81,True
ALKEM.NS,PFIZER.NS,pharma,0.70058,PFIZER.NS~ALKEM.NS,False,2.614814,5.1783,15.4943,False,False,130.52,False
ALKEM.NS,ZYDUSLIFE.NS,pharma,0.047351,ALKEM.NS~ZYDUSLIFE.NS,True,0.708584,10.6779,15.4943,False,False,66.38,True
ALKEM.NS,SANOFI.NS,pharma,0.224423,SANOFI.NS~ALKEM.NS,False,2.033624,8.4365,15.4943,False,False,65.35,True
ALKEM.NS,LAURUSLABS.NS,pharma,0.937025,LAURUSLABS.NS~ALKEM.NS,False,0.44117,3.4331,15.4943,False,False,333.02,False
ALKEM.NS,GRANULES.NS,pharma,0.632247,GRANULES.NS~ALKEM.NS,False,0.725854,5.8475,15.4943,False,False,91.42,True
ALKEM.NS,NATCOPHARM.NS,pharma,0.608065,NATCOPHARM.NS~ALKEM.NS,False,2.020448,5.8024,15.4943,False,False,116.31,True
ALKEM.NS,GLENMARK.NS,pharma,0.066722,ALKEM.NS~GLENMARK.NS,False,0.565755,12.2589,15.4943,False,False,97.64,True
IPCALAB.NS,BIOCON.NS,pharma,0.651583,BIOCON.NS~IPCALAB.NS,False,2.638817,5.915,15.4943,False,False,133.36,False
IPCALAB.NS,ABBOTINDIA.NS,pharma,0.612711,ABBOTINDIA.NS~IPCALAB.NS,False,1.191451,10.8734,15.4943,False,False,126.31,False
IPCALAB.NS,GLAXO.NS,pharma,0.375124,IPCALAB.NS~GLAXO.NS,False,1.231778,9.1682,15.4943,False,False,96.52,True
IPCALAB.NS,PFIZER.NS,pharma,0.074949,PFIZER.NS~IPCALAB.NS,False,1.833805,13.2517,15.4943,False,False,40.18,True
IPCALAB.NS,ZYDUSLIFE.NS,pharma,0.344079,IPCALAB.NS~ZYDUSLIFE.NS,False,0.6281,7.425,15.4943,False,False,102.53,True
IPCALAB.NS,SANOFI.NS,pharma,0.226131,SANOFI.NS~IPCALAB.NS,False,2.048217,18.2151,15.4943,True,False,61.01,True
IPCALAB.NS,LAURUSLABS.NS,pharma,0.664742,IPCALAB.NS~LAURUSLABS.NS,False,0.309155,17.0287,15.4943,True,False,95.88,True
IPCALAB.NS,GRANULES.NS,pharma,0.094939,IPCALAB.NS~GRANULES.NS,False,0.590472,15.8466,15.4943,True,False,33.24,True
IPCALAB.NS,NATCOPHARM.NS,pharma,0.26507,IPCALAB.NS~NATCOPHARM.NS,False,1.020521,13.408,15.4943,False,False,61.97,True
IPCALAB.NS,GLENMARK.NS,pharma,0.199649,IPCALAB.NS~GLENMARK.NS,False,0.401567,9.4095,15.4943,False,False,128.52,False
BIOCON.NS,ABBOTINDIA.NS,pharma,0.378634,ABBOTINDIA.NS~BIOCON.NS,False,-10.082544,11.1881,15.4943,False,False,209.71,False
BIOCON.NS,GLAXO.NS,pharma,0.68867,GLAXO.NS~BIOCON.NS,False,12.112348,4.7439,15.4943,False,False,182.4,False
BIOCON.NS,PFIZER.NS,pharma,0.141852,PFIZER.NS~BIOCON.NS,False,1.794143,10.6715,15.4943,False,False,68.75,True
BIOCON.NS,ZYDUSLIFE.NS,pharma,0.755335,BIOCON.NS~ZYDUSLIFE.NS,False,0.056068,4.0161,15.4943,False,False,175.4,False
BIOCON.NS,SANOFI.NS,pharma,0.756781,SANOFI.NS~BIOCON.NS,False,3.7137,5.4994,15.4943,False,False,209.09,False
BIOCON.NS,LAURUSLABS.NS,pharma,0.713851,BIOCON.NS~LAURUSLABS.NS,False,0.077574,20.2433,15.4943,True,False,158.98,False
BIOCON.NS,GRANULES.NS,pharma,0.731689,BIOCON.NS~GRANULES.NS,False,0.163691,4.6511,15.4943,False,False,163.42,False
BIOCON.NS,NATCOPHARM.NS,pharma,0.612453,NATCOPHARM.NS~BIOCON.NS,False,1.589915,5.7369,15.4943,False,False,126.43,False
BIOCON.NS,GLENMARK.NS,pharma,0.699587,BIOCON.NS~GLENMARK.NS,False,-0.035641,4.2612,15.4943,False,False,155.27,False
ABBOTINDIA.NS,GLAXO.NS,pharma,0.205199,ABBOTINDIA.NS~GLAXO.NS,False,1.40823,10.5071,15.4943,False,False,96.2,True
ABBOTINDIA.NS,PFIZER.NS,pharma,0.753265,PFIZER.NS~ABBOTINDIA.NS,False,3.228015,8.7892,15.4943,False,False,155.12,False
ABBOTINDIA.NS,ZYDUSLIFE.NS,pharma,0.025731,ABBOTINDIA.NS~ZYDUSLIFE.NS,True,0.734324,17.811,15.4943,True,True,75.45,True
ABBOTINDIA.NS,SANOFI.NS,pharma,0.374561,ABBOTINDIA.NS~SANOFI.NS,False,1.402557,11.2934,15.4943,False,False,111.15,True
ABBOTINDIA.NS,LAURUSLABS.NS,pharma,0.666943,ABBOTINDIA.NS~LAURUSLABS.NS,False,0.293464,7.6145,15.4943,False,False,203.16,False
ABBOTINDIA.NS,GRANULES.NS,pharma,0.492869,ABBOTINDIA.NS~GRANULES.NS,False,0.580913,10.7255,15.4943,False,False,106.24,True
ABBOTINDIA.NS,NATCOPHARM.NS,pharma,0.442102,ABBOTINDIA.NS~NATCOPHARM.NS,False,0.639405,9.8395,15.4943,False,False,179.22,False
ABBOTINDIA.NS,GLENMARK.NS,pharma,0.014838,ABBOTINDIA.NS~GLENMARK.NS,True,0.465742,18.2884,15.4943,True,True,108.47,True
GLAXO.NS,PFIZER.NS,pharma,0.596918,PFIZER.NS~GLAXO.NS,False,1.671284,7.0853,15.4943,False,False,132.18,False
GLAXO.NS,ZYDUSLIFE.NS,pharma,0.129507,GLAXO.NS~ZYDUSLIFE.NS,False,0.283236,7.9991,15.4943,False,False,68.38,True
GLAXO.NS,SANOFI.NS,pharma,0.094227,SANOFI.NS~GLAXO.NS,False,1.126861,13.4385,15.4943,False,False,50.0,True
GLAXO.NS,LAURUSLABS.NS,pharma,0.560453,GLAXO.NS~LAURUSLABS.NS,False,0.099584,5.6319,15.4943,False,False,132.77,False
GLAXO.NS,GRANULES.NS,pharma,0.43723,GLAXO.NS~GRANULES.NS,False,0.209121,7.0619,15.4943,False,False,94.37,True
GLAXO.NS,NATCOPHARM.NS,pharma,0.285495,NATCOPHARM.NS~GLAXO.NS,False,1.076164,8.9708,15.4943,False,False,83.86,True
GLAXO.NS,GLENMARK.NS,pharma,0.155941,GLAXO.NS~GLENMARK.NS,False,0.272822,8.5608,15.4943,False,False,75.18,True
PFIZER.NS,ZYDUSLIFE.NS,pharma,0.590745,PFIZER.NS~ZYDUSLIFE.NS,False,0.305554,5.286,15.4943,False,False,128.18,False
PFIZER.NS,SANOFI.NS,pharma,0.531087,PFIZER.NS~SANOFI.NS,False,0.729951,8.5188,15.4943,False,False,103.65,True
PFIZER.NS,LAURUSLABS.NS,pharma,0.394075,PFIZER.NS~LAURUSLABS.NS,False,0.164524,13.5543,15.4943,False,False,92.66,True
PFIZER.NS,GRANULES.NS,pharma,0.409258,PFIZER.NS~GRANULES.NS,False,0.309115,7.8909,15.4943,False,False,77.65,True
PFIZER.NS,NATCOPHARM.NS,pharma,0.168738,PFIZER.NS~NATCOPHARM.NS,False,0.617614,11.8099,15.4943,False,False,57.71,True
PFIZER.NS,GLENMARK.NS,pharma,0.423198,PFIZER.NS~GLENMARK.NS,False,0.136307,6.7022,15.4943,False,False,133.97,False
ZYDUSLIFE.NS,SANOFI.NS,pharma,0.099973,SANOFI.NS~ZYDUSLIFE.NS,False,2.545042,10.2197,15.4943,False,False,59.58,True
ZYDUSLIFE.NS,LAURUSLABS.NS,pharma,0.941994,LAURUSLABS.NS~ZYDUSLIFE.NS,False,0.593666,5.6969,15.4943,False,False,647.09,False
ZYDUSLIFE.NS,GRANULES.NS,pharma,0.408703,GRANULES.NS~ZYDUSLIFE.NS,False,0.921629,6.4166,15.4943,False,False,104.81,True
ZYDUSLIFE.NS,NATCOPHARM.NS,pharma,0.440831,NATCOPHARM.NS~ZYDUSLIFE.NS,False,2.209032,9.887,15.4943,False,False,94.73,True
ZYDUSLIFE.NS,GLENMARK.NS,pharma,0.134161,GLENMARK.NS~ZYDUSLIFE.NS,False,1.402257,23.4509,15.4943,True,False,69.39,True
SANOFI.NS,LAURUSLABS.NS,pharma,0.714237,SANOFI.NS~LAURUSLABS.NS,False,0.136709,13.9918,15.4943,False,False,162.89,False
SANOFI.NS,GRANULES.NS,pharma,0.449961,SANOFI.NS~GRANULES.NS,False,0.2945,9.3269,15.4943,False,False,82.11,True
SANOFI.NS,NATCOPHARM.NS,pharma,0.106589,SANOFI.NS~NATCOPHARM.NS,False,0.613971,16.1076,15.4943,True,False,48.61,True
SANOFI.NS,GLENMARK.NS,pharma,0.064752,SANOFI.NS~GLENMARK.NS,False,0.351079,12.3627,15.4943,False,False,71.55,True
LAURUSLABS.NS,GRANULES.NS,pharma,0.583315,GRANULES.NS~LAURUSLABS.NS,False,1.961459,16.073,15.4943,True,False,114.14,True
LAURUSLABS.NS,NATCOPHARM.NS,pharma,0.653534,NATCOPHARM.NS~LAURUSLABS.NS,False,5.210457,17.1682,15.4943,True,False,123.7,True
LAURUSLABS.NS,GLENMARK.NS,pharma,0.380317,LAURUSLABS.NS~GLENMARK.NS,False,1.237415,5.9924,15.4943,False,False,242.83,False
GRANULES.NS,NATCOPHARM.NS,pharma,0.565637,NATCOPHARM.NS~GRANULES.NS,False,2.801331,7.8113,15.4943,False,False,93.39,True
GRANULES.NS,GLENMARK.NS,pharma,0.170328,GRANULES.NS~GLENMARK.NS,False,0.782436,11.6042,15.4943,False,False,133.91,False
NATCOPHARM.NS,GLENMARK.NS,pharma,0.337627,NATCOPHARM.NS~GLENMARK.NS,False,0.428325,7.5918,15.4943,False,False,92.6,True
BOSCHLTD.NS,MOTHERSON.NS,auto_ancillary,0.58988,MOTHERSON.NS~BOSCHLTD.NS,False,0.838403,4.1209,15.4943,False,False,128.4,False
BOSCHLTD.NS,BHARATFORG.NS,auto_ancillary,0.429908,BHARATFORG.NS~BOSCHLTD.NS,False,0.701938,6.0963,15.4943,False,False,75.56,True
BOSCHLTD.NS,BALKRISIND.NS,auto_ancillary,0.623045,BALKRISIND.NS~BOSCHLTD.NS,False,0.932225,13.598,15.4943,False,False,226.31,False
BOSCHLTD.NS,SCHAEFFLER.NS,auto_ancillary,0.672908,SCHAEFFLER.NS~BOSCHLTD.NS,False,0.499491,2.7548,15.4943,False,False,137.35,False
BOSCHLTD.NS,SUNDRMFAST.NS,auto_ancillary,0.717934,SUNDRMFAST.NS~BOSCHLTD.NS,False,0.643587,4.9173,15.4943,False,False,102.74,True
BOSCHLTD.NS,ENDURANCE.NS,auto_ancillary,0.407853,ENDURANCE.NS~BOSCHLTD.NS,False,1.076697,6.2793,15.4943,False,False,62.41,True
BOSCHLTD.NS,TIINDIA.NS,auto_ancillary,0.281115,TIINDIA.NS~BOSCHLTD.NS,False,0.368359,6.0263,15.4943,False,False,102.74,True
BOSCHLTD.NS,EXIDEIND.NS,auto_ancillary,0.402896,EXIDEIND.NS~BOSCHLTD.NS,False,1.2983,6.215,15.4943,False,False,72.68,True
BOSCHLTD.NS,MINDACORP.NS,auto_ancillary,0.363282,MINDACORP.NS~BOSCHLTD.NS,False,0.457186,6.3145,15.4943,False,False,60.4,True
BOSCHLTD.NS,SUPRAJIT.NS,auto_ancillary,0.636638,SUPRAJIT.NS~BOSCHLTD.NS,False,0.759236,3.329,15.4943,False,False,101.98,True
BOSCHLTD.NS,GABRIEL.NS,auto_ancillary,0.159686,GABRIEL.NS~BOSCHLTD.NS,False,0.569429,13.6249,15.4943,False,False,41.54,True
MOTHERSON.NS,BHARATFORG.NS,auto_ancillary,0.180147,MOTHERSON.NS~BHARATFORG.NS,False,0.89723,9.3006,15.4943,False,False,60.34,True
MOTHERSON.NS,BALKRISIND.NS,auto_ancillary,0.221006,BALKRISIND.NS~MOTHERSON.NS,False,1.016971,11.0866,15.4943,False,False,67.81,True
MOTHERSON.NS,SCHAEFFLER.NS,auto_ancillary,0.598388,MOTHERSON.NS~SCHAEFFLER.NS,False,0.468578,10.8116,15.4943,False,False,122.64,True
MOTHERSON.NS,SUNDRMFAST.NS,auto_ancillary,0.193838,MOTHERSON.NS~SUNDRMFAST.NS,False,0.789706,8.5159,15.4943,False,False,52.55,True
MOTHERSON.NS,ENDURANCE.NS,auto_ancillary,0.01293,ENDURANCE.NS~MOTHERSON.NS,True,1.559831,15.4839,15.4943,False,False,26.25,True
MOTHERSON.NS,TIINDIA.NS,auto_ancillary,0.211152,MOTHERSON.NS~TIINDIA.NS,False,0.38374,8.3394,15.4943,False,False,67.46,True
MOTHERSON.NS,EXIDEIND.NS,auto_ancillary,0.757393,MOTHERSON.NS~EXIDEIND.NS,False,0.867537,3.0643,15.4943,False,False,209.12,False
MOTHERSON.NS,MINDACORP.NS,auto_ancillary,0.483817,MOTHERSON.NS~MINDACORP.NS,False,0.518081,9.617,15.4943,False,False,98.25,True
MOTHERSON.NS,SUPRAJIT.NS,auto_ancillary,0.098024,MOTHERSON.NS~SUPRAJIT.NS,False,0.910739,18.708,15.4943,True,False,33.04,True
MOTHERSON.NS,GABRIEL.NS,auto_ancillary,0.626304,MOTHERSON.NS~GABRIEL.NS,False,0.595423,3.7289,15.4943,False,False,126.19,False
BHARATFORG.NS,BALKRISIND.NS,auto_ancillary,0.530192,BALKRISIND.NS~BHARATFORG.NS,False,1.022257,11.3504,15.4943,False,False,96.84,True
BHARATFORG.NS,SCHAEFFLER.NS,auto_ancillary,0.459311,BHARATFORG.NS~SCHAEFFLER.NS,False,0.562687,8.4218,15.4943,False,False,92.22,True
BHARATFORG.NS,SUNDRMFAST.NS,auto_ancillary,0.010882,BHARATFORG.NS~SUNDRMFAST.NS,True,0.853511,16.5844,15.4943,True,True,24.75,True
BHARATFORG.NS,ENDURANCE.NS,auto_ancillary,0.098152,ENDURANCE.NS~BHARATFORG.NS,False,1.551773,14.4988,15.4943,False,False,27.84,True
BHARATFORG.NS,TIINDIA.NS,auto_ancillary,0.051388,BHARATFORG.NS~TIINDIA.NS,False,0.427486,11.4964,15.4943,False,False,43.78,True
BHARATFORG.NS,EXIDEIND.NS,auto_ancillary,0.682599,BHARATFORG.NS~EXIDEIND.NS,False,1.160663,3.4521,15.4943,False,False,163.66,False
BHARATFORG.NS,MINDACORP.NS,auto_ancillary,0.288911,BHARATFORG.NS~MINDACORP.NS,False,0.601605,10.4378,15.4943,False,False,56.01,True
BHARATFORG.NS,SUPRAJIT.NS,auto_ancillary,0.100354,SUPRAJIT.NS~BHARATFORG.NS,False,1.072582,14.3832,15.4943,False,False,36.66,True
BHARATFORG.NS,GABRIEL.NS,auto_ancillary,0.315408,BHARATFORG.NS~GABRIEL.NS,False,0.757948,7.9907,15.4943,False,False,60.35,True
BALKRISIND.NS,SCHAEFFLER.NS,auto_ancillary,0.651453,BALKRISIND.NS~SCHAEFFLER.NS,False,0.561759,13.812,15.4943,False,False,194.08,False
BALKRISIND.NS,SUNDRMFAST.NS,auto_ancillary,0.489603,BALKRISIND.NS~SUNDRMFAST.NS,False,0.863662,11.7395,15.4943,False,False,102.44,True
BALKRISIND.NS,ENDURANCE.NS,auto_ancillary,0.309125,BALKRISIND.NS~ENDURANCE.NS,False,1.325781,15.0773,15.4943,False,False,76.83,True
BALKRISIND.NS,TIINDIA.NS,auto_ancillary,0.587866,BALKRISIND.NS~TIINDIA.NS,False,0.473415,9.6365,15.4943,False,False,88.17,True
BALKRISIND.NS,EXIDEIND.NS,auto_ancillary,0.72072,BALKRISIND.NS~EXIDEIND.NS,False,0.692745,5.9041,15.4943,False,False,324.41,False
BALKRISIND.NS,MINDACORP.NS,auto_ancillary,0.669456,BALKRISIND.NS~MINDACORP.NS,False,0.561014,13.1448,15.4943,False,False,169.32,False
BALKRISIND.NS,SUPRAJIT.NS,auto_ancillary,0.257023,SUPRAJIT.NS~BALKRISIND.NS,False,1.299043,19.435,15.4943,True,False,74.15,True
BALKRISIND.NS,GABRIEL.NS,auto_ancillary,0.666223,BALKRISIND.NS~GABRIEL.NS,False,0.624147,6.802,15.4943,False,False,203.95,False
SCHAEFFLER.NS,SUNDRMFAST.NS,auto_ancillary,0.415489,SUNDRMFAST.NS~SCHAEFFLER.NS,False,1.501955,9.0607,15.4943,False,False,91.61,True
SCHAEFFLER.NS,ENDURANCE.NS,auto_ancillary,0.357169,ENDURANCE.NS~SCHAEFFLER.NS,False,3.079425,8.6391,15.4943,False,False,110.58,True
SCHAEFFLER.NS,TIINDIA.NS,auto_ancillary,0.224347,TIINDIA.NS~SCHAEFFLER.NS,False,0.755945,10.3304,15.4943,False,False,90.96,True
SCHAEFFLER.NS,EXIDEIND.NS,auto_ancillary,0.871157,SCHAEFFLER.NS~EXIDEIND.NS,False,1.292799,3.4577,15.4943,False,False,432.6,False
SCHAEFFLER.NS,MINDACORP.NS,auto_ancillary,0.11414,SCHAEFFLER.NS~MINDACORP.NS,False,0.981098,8.8286,15.4943,False,False,47.45,True
SCHAEFFLER.NS,SUPRAJIT.NS,auto_ancillary,0.260633,SUPRAJIT.NS~SCHAEFFLER.NS,False,1.739777,11.1998,15.4943,False,False,69.67,True
SCHAEFFLER.NS,GABRIEL.NS,auto_ancillary,0.710299,GABRIEL.NS~SCHAEFFLER.NS,False,1.684955,2.9497,15.4943,False,False,172.1,False
SUNDRMFAST.NS,ENDURANCE.NS,auto_ancillary,0.026508,ENDURANCE.NS~SUNDRMFAST.NS,True,1.819482,9.345,15.4943,False,False,43.92,True
SUNDRMFAST.NS,TIINDIA.NS,auto_ancillary,0.061407,SUNDRMFAST.NS~TIINDIA.NS,False,0.489971,11.3143,15.4943,False,False,50.2,True
SUNDRMFAST.NS,EXIDEIND.NS,auto_ancillary,0.793938,SUNDRMFAST.NS~EXIDEIND.NS,False,1.184338,3.7349,15.4943,False,False,235.54,False
SUNDRMFAST.NS,MINDACORP.NS,auto_ancillary,0.465224,SUNDRMFAST.NS~MINDACORP.NS,False,0.694493,13.0842,15.4943,False,False,63.64,True
SUNDRMFAST.NS,SUPRAJIT.NS,auto_ancillary,0.002241,SUPRAJIT.NS~SUNDRMFAST.NS,True,1.170819,20.8777,15.4943,True,True,21.72,True
SUNDRMFAST.NS,GABRIEL.NS,auto_ancillary,0.665295,SUNDRMFAST.NS~GABRIEL.NS,False,0.809403,3.9744,15.4943,False,False,114.87,True
ENDURANCE.NS,TIINDIA.NS,auto_ancillary,0.168901,ENDURANCE.NS~TIINDIA.NS,False,0.261918,8.0124,15.4943,False,False,67.7,True
ENDURANCE.NS,EXIDEIND.NS,auto_ancillary,0.640458,ENDURANCE.NS~EXIDEIND.NS,False,0.733666,3.5119,15.4943,False,False,121.41,True
ENDURANCE.NS,MINDACORP.NS,auto_ancillary,0.379249,ENDURANCE.NS~MINDACORP.NS,False,0.357201,7.0018,15.4943,False,False,85.04,True
ENDURANCE.NS,SUPRAJIT.NS,auto_ancillary,0.043506,ENDURANCE.NS~SUPRAJIT.NS,True,0.6257,17.1458,15.4943,True,True,34.54,True
ENDURANCE.NS,GABRIEL.NS,auto_ancillary,0.380653,ENDURANCE.NS~GABRIEL.NS,False,0.466098,6.6357,15.4943,False,False,77.06,True
TIINDIA.NS,EXIDEIND.NS,auto_ancillary,0.601416,TIINDIA.NS~EXIDEIND.NS,False,1.893036,4.1879,15.4943,False,False,257.02,False
TIINDIA.NS,MINDACORP.NS,auto_ancillary,0.099313,TIINDIA.NS~MINDACORP.NS,False,1.312568,11.4568,15.4943,False,False,66.36,True
TIINDIA.NS,SUPRAJIT.NS,auto_ancillary,0.041826,SUPRAJIT.NS~TIINDIA.NS,True,2.360197,12.2608,15.4943,False,False,43.43,True
TIINDIA.NS,GABRIEL.NS,auto_ancillary,0.357297,TIINDIA.NS~GABRIEL.NS,False,1.464563,6.1806,15.4943,False,False,125.85,True
EXIDEIND.NS,MINDACORP.NS,auto_ancillary,0.795146,EXIDEIND.NS~MINDACORP.NS,False,0.240054,2.5918,15.4943,False,False,153.26,False
EXIDEIND.NS,SUPRAJIT.NS,auto_ancillary,0.819474,SUPRAJIT.NS~EXIDEIND.NS,False,1.196297,2.0445,15.4943,False,False,240.64,False
EXIDEIND.NS,GABRIEL.NS,auto_ancillary,0.200714,GABRIEL.NS~EXIDEIND.NS,False,0.568372,9.9851,15.4943,False,False,55.9,True
MINDACORP.NS,SUPRAJIT.NS,auto_ancillary,0.64914,SUPRAJIT.NS~MINDACORP.NS,False,1.670534,9.6552,15.4943,False,False,59.26,True
MINDACORP.NS,GABRIEL.NS,auto_ancillary,0.358116,GABRIEL.NS~MINDACORP.NS,False,1.472176,6.7442,15.4943,False,False,80.5,True
SUPRAJIT.NS,GABRIEL.NS,auto_ancillary,0.610732,SUPRAJIT.NS~GABRIEL.NS,False,0.642634,3.6654,15.4943,False,False,133.46,False
