date,0
2019-04-01,4.44746018331001
2019-04-02,4.441796935406327
2019-04-03,4.441357715060732
2019-04-04,4.442224904152653
2019-04-05,4.392171688239262
2019-04-08,4.421198878992874
2019-04-09,4.4108946052163525
2019-04-10,4.432324427529872
2019-04-11,4.439488904622634
2019-04-12,4.456269535398599
2019-04-15,4.444449255362061
2019-04-16,4.475594138739435
2019-04-17,4.475594138739435
2019-04-18,4.465015848936638
2019-04-19,4.465015848936638
2019-04-22,4.466493259495289
2019-04-23,4.505117140482005
2019-04-24,4.5373186286043
2019-04-25,4.627655838883438
2019-04-26,4.603994663192681
2019-04-29,4.603994663192681
2019-04-30,4.606941492029115
2019-05-01,4.606941492029115
2019-05-02,4.656170487148005
2019-05-03,4.779753442653735
2019-05-06,4.714693872446841
2019-05-07,4.842915587163253
2019-05-08,4.836944060660274
2019-05-09,4.822323142486088
2019-05-10,4.853507224745064
2019-05-13,4.945386555026939
2019-05-14,5.078187040520907
2019-05-15,5.0266737381827316
2019-05-16,5.004132467178129
2019-05-17,5.096559932834433
2019-05-20,5.009927693905578
2019-05-21,5.102910659556063
2019-05-22,5.011233862020511
2019-05-23,4.972335803448043
2019-05-24,4.939342798084807
2019-05-27,4.913654594449504
2019-05-28,4.864284736314728
2019-05-29,4.734190001929578
2019-05-30,4.8677471901499185
2019-05-31,4.943106365766793
2019-06-03,4.907658912902567
2019-06-04,4.810108837966915
2019-06-05,4.810108837966915
2019-06-06,4.930354525137085
2019-06-07,4.890790166734799
2019-06-10,4.8771499675911585
2019-06-11,4.805990556411436
2019-06-12,4.833932749441853
2019-06-13,4.838129805699911
2019-06-14,4.842900155030161
2019-06-17,4.848180525526686
2019-06-18,5.001409258591284
2019-06-19,4.856040218004797
2019-06-20,4.841260436456558
2019-06-21,4.848534356489926
2019-06-24,4.7197118505085385
2019-06-25,4.683718993853796
2019-06-26,4.583199229741206
2019-06-27,4.5642170020140895
2019-06-28,4.485910453561857
2019-07-01,4.53132808315447
2019-07-02,4.573851599241939
2019-07-03,4.560362470700285
2019-07-04,4.549962643687801
2019-07-05,4.598851724684938
2019-07-08,4.68142231430015
2019-07-09,4.67096015885795
2019-07-10,4.679491336825041
2019-07-11,4.657201438168135
2019-07-12,4.625196826382151
2019-07-15,4.577141676226464
2019-07-16,4.552748627203803
2019-07-17,4.565071051117778
2019-07-18,4.65129669077057
2019-07-19,4.6274508274105575
2019-07-22,4.51126044098929
2019-07-23,4.46661040854509
2019-07-24,4.523590005086598
2019-07-25,4.535637926101449
2019-07-26,4.507856626302374
2019-07-29,4.555323985240918
2019-07-30,4.588831411804177
2019-07-31,4.538356046736039
2019-08-01,4.526016896117241
2019-08-02,4.546812613038652
2019-08-05,4.492085839821092
2019-08-06,4.49007484902452
2019-08-07,4.46896327776588
2019-08-08,4.450573747258034
2019-08-09,4.506163784389818
2019-08-12,4.506163784389818
2019-08-13,4.579173823426791
2019-08-14,4.40092530095278
2019-08-15,4.40092530095278
2019-08-16,4.252050854453286
2019-08-19,4.290092854565927
2019-08-20,4.338114241076429
2019-08-21,4.317582912487927
2019-08-22,4.317809943074714
2019-08-23,4.280840150721634
2019-08-26,4.366839162892731
2019-08-27,4.352760400638008
2019-08-28,4.29584207526327
2019-08-29,4.3767673566067415
2019-08-30,4.323789793633008
2019-09-02,4.323789793633008
2019-09-03,4.305884718163567
2019-09-04,4.2670299352065495
2019-09-05,4.268856910462178
2019-09-06,4.261861240084379
2019-09-09,4.257780196928124
2019-09-10,4.257780196928124
2019-09-11,4.222399175697028
2019-09-12,4.211808165875748
2019-09-13,4.085488032768838
2019-09-16,4.110738018062952
2019-09-17,4.134498887055964
2019-09-18,4.059164482008274
2019-09-19,4.077941477285403
2019-09-20,3.9639970133739073
2019-09-23,3.9373798259896677
2019-09-24,3.845475655646048
2019-09-25,3.8760921969562396
2019-09-26,3.9195409730134845
2019-09-27,3.864418794311563
2019-09-30,3.8980043822103863
2019-10-01,3.8438247593662638
2019-10-02,3.8438247593662638
2019-10-03,3.841307214988177
2019-10-04,3.810666325762922
2019-10-07,3.6314652330875035
2019-10-08,3.6314652330875035
2019-10-09,3.5834418701969337
2019-10-10,3.617605342466069
2019-10-11,3.6246174051423647
2019-10-14,3.5400105493306366
2019-10-15,3.5818800861871676
2019-10-16,3.5805128139532396
2019-10-17,3.5732277973029998
2019-10-18,3.62714231776679
2019-10-21,3.62714231776679
2019-10-22,3.5969365955647756
2019-10-23,3.5725234129539434
2019-10-24,3.6509266562540645
2019-10-25,3.67739977908829
2019-10-28,3.67739977908829
2019-10-29,3.6144657280912504
2019-10-30,3.603299198280455
2019-10-31,3.6344708979437765
2019-11-01,3.5841998225808727
2019-11-04,3.7650427785226963
2019-11-05,3.8033516752583303
2019-11-06,3.6975009305853312
2019-11-07,3.70295810085638
2019-11-08,3.657504951822615
2019-11-11,3.713894421863815
2019-11-12,3.713894421863815
2019-11-13,3.637360752493823
2019-11-14,3.566462129261531
2019-11-15,3.7140009405925554
2019-11-18,4.083926713902073
2019-11-19,3.9614085276196978
2019-11-20,3.985688697329893
2019-11-21,3.877834271375246
2019-11-22,3.876214977612987
2019-11-25,3.8647770282085343
2019-11-26,3.836663236920634
2019-11-27,3.8830937385437903
2019-11-28,3.826647402573716
2019-11-29,3.8093509798128498
2019-12-02,3.716620563296093
2019-12-03,3.648666749463345
2019-12-04,3.6071827263855134
2019-12-05,3.6880157106758684
2019-12-06,3.700734508912719
2019-12-09,3.6794324600409265
2019-12-10,3.6827988589488996
2019-12-11,3.68465018562042
2019-12-12,3.7248694732335874
2019-12-13,3.715204718247751
2019-12-16,3.7365820209869387
2019-12-17,3.779944560909568
2019-12-18,3.8527415247921013
2019-12-19,3.799027965146408
2019-12-20,3.7398643573738646
2019-12-23,3.8220941213425004
2019-12-24,3.852724372550819
2019-12-25,3.852724372550819
2019-12-26,3.825202404255622
2019-12-27,3.857753875877364
2019-12-30,3.844395129192069
2019-12-31,3.863279866532956
2020-01-01,3.853749305637052
2020-01-02,3.879379510394166
2020-01-03,3.8327202342159215
2020-01-06,3.805772794847206
2020-01-07,3.806423427981338
2020-01-08,3.776602524923522
2020-01-09,3.8274063492211834
2020-01-10,3.8323806177305872
2020-01-13,3.8484845671925374
2020-01-14,3.8221031461452366
2020-01-15,3.770404059665889
2020-01-16,3.7378744212332613
2020-01-17,3.8338757500517353
2020-01-20,3.805379946161386
2020-01-21,3.792351640672665
2020-01-22,3.7772928313996132
2020-01-23,3.7724051967330965
2020-01-24,3.740012695935942
2020-01-27,3.813422860980916
2020-01-28,3.7487792905393533
2020-01-29,3.6602496770155373
2020-01-30,3.60553117740856
2020-01-31,3.551987158506032
2020-02-03,3.5426262685449466
2020-02-04,3.6363316677400874
2020-02-05,3.5569002377175973
2020-02-06,3.549096431234263
2020-02-07,3.58341259920058
2020-02-10,3.5102636232496494
2020-02-11,3.6308854112860747
2020-02-12,3.620299409689917
2020-02-13,3.7091252028481865
2020-02-14,3.7337500767317326
2020-02-17,3.6011953795874305
2020-02-18,3.5812570378890918
2020-02-19,3.5500620166815757
2020-02-20,3.532948425296926
2020-02-21,3.532948425296926
2020-02-24,3.3993143490800595
2020-02-25,3.3303287012621237
2020-02-26,3.4590238433871736
2020-02-27,3.4549162717864927
2020-02-28,3.2914491290735306
2020-03-02,3.365846223328436
2020-03-03,3.366764880955241
2020-03-04,3.516224485924944
2020-03-05,3.438353963970709
2020-03-06,3.318861608281688
2020-03-09,3.280201856318902
2020-03-10,3.280201856318902
2020-03-11,3.1758356125966323
2020-03-12,2.763104118320369
2020-03-13,2.718497854402779
2020-03-16,2.813452157066175
2020-03-17,2.520137785082447
2020-03-18,2.4405207752807634
2020-03-19,2.638284808893813
2020-03-20,2.372523273278114
2020-03-23,2.0712979462515815
2020-03-24,2.1538598930069632
2020-03-25,2.346865221859643
2020-03-26,2.627551688115865
2020-03-27,2.5605006226898226
2020-03-30,2.5529723613406254
2020-03-31,2.5416790139406036
2020-04-01,2.5480534623212012
2020-04-02,2.5480534623212012
2020-04-03,2.5508987734294344
2020-04-06,2.5508987734294344
2020-04-07,2.461781112137503
2020-04-08,2.2147201261820904
2020-04-09,2.3238496436982246
2020-04-10,2.3238496436982246
2020-04-13,2.7765932971660146
2020-04-14,2.7765932971660146
2020-04-15,3.0723852533754545
2020-04-16,3.0506336470064372
2020-04-17,3.1109674442996162
2020-04-20,3.0914417417914564
2020-04-21,3.0501118771914637
2020-04-22,3.191631866173756
2020-04-23,3.339958149568057
2020-04-24,3.317459766897329
2020-04-27,3.3201675425928823
2020-04-28,3.2824563871193426
2020-04-29,3.2719482772186304
2020-04-30,3.3623918445372514
2020-05-01,3.3623918445372514
2020-05-04,3.3092478348532506
2020-05-05,3.230227275480365
2020-05-06,3.2980133433363843
2020-05-07,3.3560554676092345
2020-05-08,3.375946541436262
2020-05-11,3.2905682937260323
2020-05-12,3.288186796073573
2020-05-13,3.311365474689845
2020-05-14,3.259088270440026
2020-05-15,3.2542954636719656
2020-05-18,3.2255714234998525
2020-05-19,3.2500246772407877
2020-05-20,3.2788829517338804
2020-05-21,3.2499500085226494
2020-05-22,3.2540752432543076
2020-05-25,3.2540752432543076
2020-05-26,3.293124200428034
2020-05-27,3.3093697385436673
2020-05-28,3.267128252679978
2020-05-29,3.3368053651408065
2020-06-01,3.3541541559226253
2020-06-02,3.433202186686586
2020-06-03,3.4527679495266614
2020-06-04,3.4219418389934173
2020-06-05,3.493095912073297
2020-06-08,3.515808929752941
2020-06-09,3.5089521326945565
2020-06-10,3.431971653003405
2020-06-11,3.3151136367059184
2020-06-12,3.380002371312429
2020-06-15,3.3585038573598425
2020-06-16,3.4238456401630177
2020-06-17,3.421373661300793
2020-06-18,3.458554481518272
2020-06-19,3.5083554682867977
2020-06-22,4.084062720052625
2020-06-23,3.889676965229997
2020-06-24,3.779858095920991
2020-06-25,3.760868438597173
2020-06-26,3.7982789177701086
2020-06-29,3.774740717797261
2020-06-30,3.7889751883450664
2020-07-01,3.7374831535283786
2020-07-02,3.621282952969212
2020-07-03,3.582123644123696
2020-07-06,3.576763810603609
2020-07-07,3.5038805350395847
2020-07-08,3.553634880203269
2020-07-09,3.6551487788119097
2020-07-10,3.6257130417298935
2020-07-13,3.5548616488518423
2020-07-14,3.563723466715226
2020-07-15,3.620199160940553
2020-07-16,3.6341303098319564
2020-07-17,3.5347200122702684
2020-07-20,3.4912502321834857
2020-07-21,3.526414856196048
2020-07-22,3.51640793277363
2020-07-23,3.550235410767973
2020-07-24,3.6099705818899235
2020-07-27,3.6517548318393978
2020-07-28,3.6315178258812377
2020-07-29,3.679947449517103
2020-07-30,3.7819257894232976
2020-07-31,3.663545794081484
2020-08-03,3.605055626252959
2020-08-04,3.539213079637886
2020-08-05,3.5990895246081323
2020-08-06,3.719024486519963
2020-08-07,3.6619812053195204
2020-08-10,3.6727350699983248
2020-08-11,3.7566727119231977
2020-08-12,3.7595368684561326
2020-08-13,3.7371317840597715
2020-08-14,3.7280859786847422
2020-08-17,3.737077477241284
2020-08-18,3.7124404399316013
2020-08-19,3.7434635964502103
2020-08-20,3.7657276749164517
2020-08-21,3.762197317013692
2020-08-24,3.7810653165783314
2020-08-25,3.801391163868775
2020-08-26,3.828610583567512
2020-08-27,3.8628540141345695
2020-08-28,3.832606379668949
2020-08-31,3.824689737961048
2020-09-01,3.858604132664528
2020-09-02,3.823202096924968
2020-09-03,3.838649897527201
2020-09-04,3.826819975215054
2020-09-07,3.8511626287065432
2020-09-08,3.8546953269508784
2020-09-09,3.8677199924311303
2020-09-10,3.9170692483696374
2020-09-11,3.9422264610016775
2020-09-14,3.934061256718554
2020-09-15,3.9521038799836337
2020-09-16,3.91984489405157
2020-09-17,3.90066568357428
2020-09-18,3.9593690355382964
2020-09-21,3.852982635160304
2020-09-22,3.8094029865738843
2020-09-23,3.924471373880152
2020-09-24,3.8843098572790034
2020-09-25,3.970987313201782
2020-09-28,3.9982969377434205
2020-09-29,3.963286531507398
2020-09-30,3.91455794033034
2020-10-01,3.9165377361537246
2020-10-02,3.9165377361537246
2020-10-05,3.841016012556988
2020-10-06,3.7961705050444365
2020-10-07,3.8079097997171694
2020-10-08,3.708841901891624
2020-10-09,3.652112964224745
2020-10-12,3.6572070124890317
2020-10-13,3.7015260765634164
2020-10-14,3.6683090784299264
2020-10-15,3.6978946701270843
2020-10-16,3.682512735141751
2020-10-19,3.662362796696071
2020-10-20,3.6553491007595262
2020-10-21,3.696828207025133
2020-10-22,3.6854817998563085
2020-10-23,3.6858653130408854
2020-10-26,3.678561683473548
2020-10-27,3.7062250740549647
2020-10-28,3.680674768036326
2020-10-29,3.6861273080373778
2020-10-30,3.6537646223490707
2020-11-02,3.69002091532443
2020-11-03,3.5522777758958988
2020-11-04,3.6258127208578195
2020-11-05,3.66128351691696
2020-11-06,3.7314063946674487
2020-11-09,3.549450529507924
2020-11-10,3.6722134097006034
2020-11-11,3.6905272395477233
2020-11-12,3.624812581285223
2020-11-13,3.6223648874055883
2020-11-16,3.6223648874055883
2020-11-17,3.6084752292036057
2020-11-18,3.5768250374473016
2020-11-19,3.5649175244109
2020-11-20,3.5864401091348235
2020-11-23,3.561909140218127
2020-11-24,3.6083329658654772
2020-11-25,3.568096866660097
2020-11-26,3.5951168193167558
2020-11-27,3.4061329440408024
2020-11-30,3.4061329440408024
2020-12-01,3.411516126214396
2020-12-02,3.4467465295739697
2020-12-03,3.422699278932667
2020-12-04,3.4420582952632817
2020-12-07,3.590600584281141
2020-12-08,3.6250795648007426
2020-12-09,3.6361987933251108
2020-12-10,3.611025774425663
2020-12-11,3.600592754505879
2020-12-14,3.576888274663288
2020-12-15,3.549585958556447
2020-12-16,3.5787304524623806
2020-12-17,3.5152230815488004
2020-12-18,3.530540289303989
2020-12-21,3.5205094108632817
2020-12-22,3.4139768001063793
2020-12-23,3.4422758166938188
2020-12-24,3.354736534682784
2020-12-25,3.354736534682784
2020-12-28,3.378186422072053
2020-12-29,3.417041847003283
2020-12-30,3.424400086110726
2020-12-31,3.4198432167064716
2021-01-01,3.4593435801077685
2021-01-04,3.4718022138477647
2021-01-05,3.491912315898654
2021-01-06,3.529356570869668
2021-01-07,3.4957834293793493
2021-01-08,3.5055707680867076
2021-01-11,3.4944177235223606
2021-01-12,3.475492450903033
2021-01-13,3.471936776611477
2021-01-14,3.404105721667552
2021-01-15,3.440680902571696
2021-01-18,3.4267067315777737
2021-01-19,3.396650674946846
2021-01-20,3.410436224233342
2021-01-21,3.45206787590004
2021-01-22,3.496248273741779
2021-01-25,3.4439764406288855
2021-01-26,3.4439764406288855
2021-01-27,3.4167212998896694
2021-01-28,3.3825881609054402
2021-01-29,3.3498041870037962
2021-02-01,3.323184005368523
2021-02-02,3.2993417638499167
2021-02-03,3.3438386099887936
2021-02-04,3.3337123106353204
2021-02-05,3.3936814335668757
2021-02-08,3.4165130408177014
2021-02-09,3.440263396377288
2021-02-10,3.4548947271178143
2021-02-11,3.440022955430713
2021-02-12,3.4406608717632228
2021-02-15,3.3671005093092674
2021-02-16,3.4110704603659094
2021-02-17,3.381361488806794
2021-02-18,3.35655779799529
2021-02-19,3.4133389319161918
2021-02-22,3.421584105812169
2021-02-23,3.440108265313981
2021-02-24,3.4027723001702697
2021-02-25,3.4172304714134434
2021-02-26,3.3917102181183107
2021-03-01,3.405834669371325
2021-03-02,3.3952818794440454
2021-03-03,3.402161308174154
2021-03-04,3.3703208292913622
2021-03-05,3.3682348858899953
2021-03-08,3.4358246059136928
2021-03-09,3.383449977963034
2021-03-10,3.420369711440374
2021-03-11,3.420369711440374
2021-03-12,3.4050635906100624
2021-03-15,3.377252521085122
2021-03-16,3.417423551941271
2021-03-17,3.379965711279006
2021-03-18,3.3952720904695433
2021-03-19,3.383723481470284
2021-03-22,3.3701550410071413
2021-03-23,3.4039642065594986
2021-03-24,3.3682708353201107
2021-03-25,3.369682330521579
2021-03-26,3.4099358627085667
2021-03-29,3.4099358627085667
2021-03-30,3.3949377091446102
2021-03-31,3.366121376353842
2021-04-01,3.467301506804267
2021-04-02,3.467301506804267
2021-04-05,3.4524021837329126
2021-04-06,3.493433315080944
2021-04-07,3.4575881659680547
2021-04-08,3.406128111388238
2021-04-09,3.2729408556174633
2021-04-12,3.2624444937487116
2021-04-13,3.3371502310020595
2021-04-14,3.3371502310020595
2021-04-15,3.3786353817508257
2021-04-16,3.408638479941354
2021-04-19,3.451950986690468
2021-04-20,3.3023841288163425
2021-04-21,3.3023841288163425
2021-04-22,3.3117753533618437
2021-04-23,3.1577045397387593
2021-04-26,3.13479474866592
2021-04-27,3.2049410653880415
2021-04-28,3.2103455121271107
2021-04-29,3.24273837465892
2021-04-30,3.2474266675112666
2021-05-03,3.206869659543486
2021-05-04,3.162197629789409
2021-05-05,3.0787219688817604
2021-05-06,3.0686946481639197
2021-05-07,3.1487081632897116
2021-05-10,3.2085892554934823
2021-05-11,3.1730980774427575
2021-05-12,3.09198723981393
2021-05-13,3.09198723981393
2021-05-14,3.1514911722658336
2021-05-17,3.1727371738816093
2021-05-18,3.2170983513954674
2021-05-19,3.1934686454738728
2021-05-20,3.1605094277836177
2021-05-21,3.1702448473790383
2021-05-24,3.133995156097697
2021-05-25,3.121711107691711
2021-05-26,3.1172796681493047
2021-05-27,3.113089854076854
2021-05-28,3.1287529821746762
2021-05-31,3.1059680579029685
2021-06-01,3.1105696963034735
2021-06-02,3.1501021422779516
2021-06-03,3.118275188780519
2021-06-04,3.0955986368601334
2021-06-07,3.0975824613128964
2021-06-08,3.1668192223607043
2021-06-09,3.1236238825796097
2021-06-10,3.1107082562723747
2021-06-11,3.146583128038788
2021-06-14,3.1578395642978645
2021-06-15,3.1800901103506725
2021-06-16,3.258438354656315
2021-06-17,3.270739222813919
2021-06-18,3.272823900307575
2021-06-21,3.232364286464131
2021-06-22,3.231919499317927
2021-06-23,3.2556331244779777
2021-06-24,3.2493742624337454
2021-06-25,3.282469306901005
2021-06-28,3.28815236618863
2021-06-29,3.2600554359770886
2021-06-30,3.22803493324661
2021-07-01,3.2821849062691832
2021-07-02,3.3184849687184457
2021-07-05,3.288593132101745
2021-07-06,3.2697279535048196
2021-07-07,3.321063231088214
2021-07-08,3.281509177964695
2021-07-09,3.3060407023648644
2021-07-12,3.2591503002573816
2021-07-13,3.251040275467016
2021-07-14,3.276335103519683
2021-07-15,3.2617225501380567
2021-07-16,3.356006926850707
2021-07-19,3.362859894554319
2021-07-20,3.375975966317121
2021-07-21,3.375975966317121
2021-07-22,3.410728413838653
2021-07-23,3.362010226243733
2021-07-26,3.3204862394005623
2021-07-27,3.0978988545465143
2021-07-28,3.159548273851934
2021-07-29,3.1898592097717984
2021-07-30,3.188573587585907
2021-08-02,3.151030603691627
2021-08-03,3.1499890399467585
2021-08-04,3.1472798431508906
2021-08-05,3.1783375869200547
2021-08-06,3.163211841733272
2021-08-09,3.147190768014651
2021-08-10,3.1453337610164827
2021-08-11,3.195002836877679
2021-08-12,3.261615012817833
2021-08-13,3.140936943688544
2021-08-16,3.309968689921263
2021-08-17,3.264744398762984
2021-08-18,3.1912036112311064
2021-08-19,3.1912036112311064
2021-08-20,3.146846103191079
2021-08-23,3.018576187859301
2021-08-24,2.998201757997821
2021-08-25,3.0126558671461883
2021-08-26,2.984589817642
2021-08-27,2.969566210463233
2021-08-30,3.0147530292522156
2021-08-31,3.0338675526103067
2021-09-01,3.0636276414940387
2021-09-02,3.089438581885254
2021-09-03,3.0816173452366957
2021-09-06,3.087758426559768
2021-09-07,3.0766234495616764
2021-09-08,3.036554980622867
2021-09-09,3.041927006077673
2021-09-10,3.041927006077673
2021-09-13,3.0330670018729187
2021-09-14,3.062303312467648
2021-09-15,3.0602578151324344
2021-09-16,3.0604209136615736
2021-09-17,3.0155200034603844
2021-09-20,2.9404567393535714
2021-09-21,2.9853332679723135
2021-09-22,2.9557388621403398
2021-09-23,2.91416325928774
2021-09-24,2.9114087858375157
2021-09-27,2.925078577092405
2021-09-28,2.972965132118924
2021-09-29,3.021338388922569
2021-09-30,3.0048430949695373
2021-10-01,3.0121019967971367
2021-10-04,3.025780411219076
2021-10-05,3.014820306423042
2021-10-06,3.002014311282391
2021-10-07,3.0494800649409903
2021-10-08,3.0842102270504537
2021-10-11,3.1310409969356368
2021-10-12,3.1382275362719607
2021-10-13,3.13451891678144
2021-10-14,3.126817438396335
2021-10-15,3.126817438396335
2021-10-18,3.137530248330414
2021-10-19,3.1464583264481707
2021-10-20,3.1473276528028986
2021-10-21,3.1485726394152955
2021-10-22,3.147859073904197
2021-10-25,3.1422773440465495
2021-10-26,3.1858266791856167
2021-10-27,3.1633865092907936
2021-10-28,3.202562894655367
2021-10-29,3.200566878214497
2021-11-01,3.28621269154778
2021-11-02,3.3165665946006584
2021-11-03,3.3454884717999835
2021-11-04,3.3843851289843307
2021-11-05,3.3843851289843307
2021-11-08,3.3798097682955603
2021-11-09,3.348247271733783
2021-11-10,3.317388292891227
2021-11-11,3.34747398845208
2021-11-12,3.3897170784457273
2021-11-15,3.444496832311877
2021-11-16,3.4280764197985008
2021-11-17,3.3964175452514773
2021-11-18,3.345811288288985
2021-11-19,3.345811288288985
2021-11-22,3.306974112944923
2021-11-23,3.4916993969751005
2021-11-24,3.524094549685328
2021-11-25,3.5477464636965017
2021-11-26,3.525166195973636
2021-11-29,3.533661094716713
2021-11-30,3.5216609875498612
2021-12-01,3.4751810251743027
2021-12-02,3.465285743290808
2021-12-03,3.421853339488008
2021-12-06,3.424238811710614
2021-12-07,3.4576214706059023
2021-12-08,3.447155314130045
2021-12-09,3.4493593291226645
2021-12-10,3.498633610503914
2021-12-13,3.542926368936948
2021-12-14,3.475985038699932
2021-12-15,3.408481754937233
2021-12-16,3.3952001263896534
2021-12-17,3.33262971265337
2021-12-20,3.4750718849277256
2021-12-21,3.412399858747916
2021-12-22,3.388113780768096
2021-12-23,3.4393785467515823
2021-12-24,3.459626052456718
2021-12-27,3.5150343827232753
2021-12-28,3.533473447410005
2021-12-29,3.504151834224867
2021-12-30,3.48616219142256
2021-12-31,3.4805450135309943
2022-01-03,3.4908313198539815
2022-01-04,3.5284856989178426
2022-01-05,3.5671025538450536
2022-01-06,3.5475361258407023
2022-01-07,3.5634790922224067
2022-01-10,3.578336726282476
2022-01-11,3.629184344463722
2022-01-12,3.628158614070321
2022-01-13,3.6365830154154963
2022-01-14,3.638796841974445
2022-01-17,3.6664280218389393
2022-01-18,3.679427288921186
2022-01-19,3.680047754509795
2022-01-20,3.6929840991538594
2022-01-21,3.6598590011191927
2022-01-24,3.6719484461166854
2022-01-25,3.7609152322508663
2022-01-26,3.7609152322508663
2022-01-27,3.7643943423365815
2022-01-28,3.723014798466977
2022-01-31,3.661180179433744
2022-02-01,3.6988972778321596
2022-02-02,3.707166360474911
2022-02-03,3.7128604003532804
2022-02-04,3.6740741032763307
2022-02-07,3.744819077421216
2022-02-08,3.6996081023896803
2022-02-09,3.755433727659044
2022-02-10,3.7849436973149846
2022-02-11,3.7841884706855584
2022-02-14,3.7750506440401885
2022-02-15,3.7928001137264555
2022-02-16,3.82948666745661
2022-02-17,3.7862683061507703
2022-02-18,3.8100188480492267
2022-02-21,3.7728091187690254
2022-02-22,3.7182178125104315
2022-02-23,3.729636128885369
2022-02-24,3.803498547351383
2022-02-25,3.847347819501355
2022-02-28,3.7659326725117275
2022-03-01,3.7659326725117275
2022-03-02,3.736951228197226
2022-03-03,3.7100042170662295
2022-03-04,3.710879129495895
2022-03-07,3.7748670445615122
2022-03-08,3.7905435647373995
2022-03-09,3.7026162587573204
2022-03-10,3.6644427688788745
2022-03-11,3.686902024347072
2022-03-14,3.6920030327387696
2022-03-15,3.6278193151175326
2022-03-16,3.6100995460273886
2022-03-17,3.633463796724101
2022-03-18,3.633463796724101
2022-03-21,3.740584904058691
2022-03-22,3.76825859686849
2022-03-23,3.749249812356137
2022-03-24,3.855087941816622
2022-03-25,3.8935328499637905
2022-03-28,3.8674141796575476
2022-03-29,3.884145320547429
2022-03-30,3.878249671233439
2022-03-31,3.8856091325674207
2022-04-01,3.8868130160934307
2022-04-04,3.8626464937311145
2022-04-05,3.898835257524878
2022-04-06,3.878697624851867
2022-04-07,3.900740091658374
2022-04-08,3.9357855060522375
2022-04-11,3.8977876279239148
2022-04-12,3.9504010692406943
2022-04-13,3.934619635428147
2022-04-14,3.934619635428147
2022-04-15,3.934619635428147
2022-04-18,3.8818537334975893
2022-04-19,3.890694968547109
2022-04-20,3.8616496791379724
2022-04-21,3.8443210741691054
2022-04-22,3.837856516256746
2022-04-25,3.824812337461813
2022-04-26,3.811036382818246
2022-04-27,3.8301479460239065
2022-04-28,3.7846030981403285
2022-04-29,3.8037558669723612
2022-05-02,3.806870011215839
2022-05-03,3.806870011215839
2022-05-04,3.7786042595056912
2022-05-05,3.7446095921045703
2022-05-06,3.713399922440077
2022-05-09,3.755430865546689
2022-05-10,3.7422503185878337
2022-05-11,3.716663367949934
2022-05-12,3.6244894506866707
2022-05-13,3.5908359729472785
2022-05-16,3.537968970818328
2022-05-17,3.5662515392412466
2022-05-18,3.6030983701951733
2022-05-19,3.6031025364054194
2022-05-20,3.6157099447787324
2022-05-23,3.5565399786306777
2022-05-24,3.474654027158625
2022-05-25,3.42923141785408
2022-05-26,3.41520213343534
2022-05-27,3.4562274982766326
2022-05-30,3.4896265344513306
2022-05-31,3.3911831656504017
2022-06-01,3.396179661046098
2022-06-02,3.4585306790445323
2022-06-03,3.4776781750231347
2022-06-06,3.4780109595310567
2022-06-07,3.4256491371071647
2022-06-08,3.5146989845449124
2022-06-09,3.5270578258524825
2022-06-10,3.510975418613734
2022-06-13,3.4704745131507444
2022-06-14,3.5209813744258103
2022-06-15,3.5204933407323544
2022-06-16,3.4739154703639716
2022-06-17,3.497451599798273
2022-06-20,3.442858007347377
2022-06-21,3.500705593450686
2022-06-22,3.4937805947927885
2022-06-23,3.5310965237408247
2022-06-24,3.52090112878823
2022-06-27,3.528885059311815
2022-06-28,3.5193268725449354
2022-06-29,3.539988254001157
2022-06-30,3.5235084187592918
2022-07-01,3.533060146519828
2022-07-04,3.4881684032161875
2022-07-05,3.4569280366760715
2022-07-06,3.4694644948715165
2022-07-07,3.449915441832852
2022-07-08,3.460826071244414
2022-07-11,3.4680277380250946
2022-07-12,3.4586815770819985
2022-07-13,3.4590812354422855
2022-07-14,3.4851471881757377
2022-07-15,3.4166204209366793
2022-07-18,3.5066291385335298
2022-07-19,3.525264644263313
2022-07-20,3.516356817184109
2022-07-21,3.5125322650715844
2022-07-22,3.5079742952762896
2022-07-25,3.521190490893673
2022-07-26,3.4559765791620976
2022-07-27,3.4904221929744814
2022-07-28,3.5014284915953873
2022-07-29,3.48921510988262
2022-08-01,3.4644585507110754
2022-08-02,3.4323253817938095
2022-08-03,3.4251828173602057
2022-08-04,3.3379868600479963
2022-08-05,3.399626035337697
2022-08-08,3.34882390653965
2022-08-09,3.34882390653965
2022-08-10,3.34903153266162
2022-08-11,3.298371201911303
2022-08-12,3.2585475118753777
2022-08-15,3.2585475118753777
2022-08-16,3.1827235360707355
2022-08-17,3.2604917347720015
2022-08-18,3.2604575485372216
2022-08-19,3.2194205715831288
2022-08-22,3.1507848823161915
2022-08-23,3.1960614945545576
2022-08-24,3.1626619073974513
2022-08-25,3.2187058540750026
2022-08-26,3.2144612536857213
2022-08-29,3.2182307549647966
2022-08-30,3.212513537944666
2022-08-31,3.212513537944666
2022-09-01,3.242364816970639
2022-09-02,3.2644189321269295
2022-09-05,3.261775374089275
2022-09-06,3.2938288278733836
2022-09-07,3.3137565076748547
2022-09-08,3.321876882932486
2022-09-09,3.3561588467237566
2022-09-12,3.3771362601694968
2022-09-13,3.3840929036999903
2022-09-14,3.3477924832681083
2022-09-15,3.4021765212771236
2022-09-16,3.3260372049476974
2022-09-19,3.332751831110759
2022-09-20,3.3434857291996707
2022-09-21,3.3705906114190167
2022-09-22,3.4350832095897097
2022-09-23,3.456876036554778
2022-09-26,3.3537742025455106
2022-09-27,3.3749412115579
2022-09-28,3.37608772600319
2022-09-29,3.316353544518803
2022-09-30,3.289752714272515
2022-10-03,3.2163803373817608
2022-10-04,3.15921014325799
2022-10-05,3.15921014325799
2022-10-06,3.1098844773792624
2022-10-07,3.1009025344691654
2022-10-10,3.050344638982704
2022-10-11,3.0382013325433395
2022-10-12,3.0251700992129518
2022-10-13,3.07532130079972
2022-10-14,3.1143440141532057
2022-10-17,3.0914987241662626
2022-10-18,3.136369404023343
2022-10-19,3.1544689528944794
2022-10-20,3.1487450041616203
2022-10-21,3.17458008194437
2022-10-24,3.1835456311859396
2022-10-25,3.168602537220419
2022-10-26,3.168602537220419
2022-10-27,3.056772153515915
2022-10-28,3.0744738472243025
2022-10-31,3.0740309598672226
2022-11-01,3.149248452495806
2022-11-02,3.151438726063951
2022-11-03,3.1764049552268965
2022-11-04,3.144232611028821
2022-11-07,3.072658299433362
2022-11-08,3.072658299433362
2022-11-09,3.0872971103220603
2022-11-10,3.1594143807984096
2022-11-11,3.1757154370729275
2022-11-14,3.2684843956309244
2022-11-15,3.3583073473475924
2022-11-16,3.350627441417201
2022-11-17,3.3833815732606958
2022-11-18,3.322187479797474
2022-11-21,3.3511411893095744
2022-11-22,3.450197172567867
2022-11-23,3.46317191197412
2022-11-24,3.4427269401457767
2022-11-25,3.4120380061130433
2022-11-28,3.4564359726531606
2022-11-29,3.460984922950294
2022-11-30,3.3950429960164854
2022-12-01,3.383277804132808
2022-12-02,3.38344200722325
2022-12-05,3.395574269984179
2022-12-06,3.3374777882371625
2022-12-07,3.3515362831934556
2022-12-08,3.353099827226
2022-12-09,3.426337972908284
2022-12-12,3.385448581511083
2022-12-13,3.4284214463554417
2022-12-14,3.4428438611118874
2022-12-15,3.4312413247434517
2022-12-16,3.297852792354627
2022-12-19,3.3022875284915116
2022-12-20,3.2389048552023905
2022-12-21,3.3447334088667677
2022-12-22,3.2986920787561047
2022-12-23,3.273145414327086
2022-12-26,3.233144559897573
2022-12-27,3.2346910735576024
2022-12-28,3.2521997037309607
2022-12-29,3.2417784801345597
2022-12-30,3.231158504509983
2023-01-02,3.248986964081716
2023-01-03,3.2561594190891263
2023-01-04,3.2314258733965247
2023-01-05,3.2159022968509916
2023-01-06,3.158908418867389
2023-01-09,3.1019433291511866
2023-01-10,3.028534967539466
2023-01-11,3.022755763098079
2023-01-12,3.0456868874976433
2023-01-13,3.082983115175928
2023-01-16,3.098965278684936
2023-01-17,3.136490646705722
2023-01-18,3.073652619259562
2023-01-19,3.0887811083788215
2023-01-20,3.098365541025405
2023-01-23,3.0594516900614543
2023-01-24,3.0559936757152535
2023-01-25,3.0325573072258116
2023-01-26,3.0325573072258116
2023-01-27,2.928802563898106
2023-01-30,2.885550373577969
2023-01-31,2.9394495874488964
2023-02-01,2.9115147834193564
2023-02-02,2.9720299183592545
2023-02-03,2.9373074748361976
2023-02-06,2.7844476216575718
2023-02-07,2.7088336485067543
2023-02-08,2.7783793619910178
2023-02-09,2.761379737654922
2023-02-10,2.805478375545789
2023-02-13,2.9497466680859965
2023-02-14,2.981493550226112
2023-02-15,3.000682174862286
2023-02-16,2.980812293398408
2023-02-17,3.024167156894265
2023-02-20,3.037036268913864
2023-02-21,3.030619147538628
2023-02-22,3.0936692129627374
2023-02-23,3.0927764132910287
2023-02-24,3.0600004689969342
2023-02-27,3.0775277208560112
2023-02-28,2.971675719962567
2023-03-01,2.931678815800142
2023-03-02,2.9292746735896618
2023-03-03,2.886861097269966
2023-03-06,2.8936219237495795
2023-03-07,2.8936219237495795
2023-03-08,2.945912430121714
2023-03-09,2.9480755881340297
2023-03-10,2.932650934376067
2023-03-13,2.965702324910959
2023-03-14,2.877977275934459
2023-03-15,2.9389422684586997
2023-03-16,2.9219959799914985
2023-03-17,2.9923255657696632
2023-03-20,3.021218209240958
2023-03-21,2.9587173159067053
2023-03-22,2.9667083091016497
2023-03-23,2.9427558880755953
2023-03-24,2.8964959632809837
2023-03-27,2.96770872264867
2023-03-28,3.013183443432075
2023-03-29,2.9672002679078293
2023-03-30,2.9672002679078293
2023-03-31,3.0708031831731937
2023-04-03,3.146235408638299
2023-04-04,3.146235408638299
2023-04-05,3.14965861246381
2023-04-06,3.1576551444311303
2023-04-07,3.1576551444311303
2023-04-10,3.1842011458263357
2023-04-11,3.1473054125677056
2023-04-12,3.1792020568233017
2023-04-13,3.173232302001937
2023-04-14,3.173232302001937
2023-04-17,3.1823644473856447
2023-04-18,3.184102936493451
2023-04-19,3.2090627451234184
2023-04-20,3.2185732491170267
2023-04-21,3.18961312615067
2023-04-24,3.210672021063937
2023-04-25,3.2125771318493648
2023-04-26,3.2399650581663995
2023-04-27,3.396892277741257
2023-04-28,3.4210350204836164
2023-05-01,3.4210350204836164
2023-05-02,3.3593796072082647
2023-05-03,3.3264892065365093
2023-05-04,3.358495020942671
2023-05-05,3.387785655822265
2023-05-08,3.408306259413836
2023-05-09,3.37576345686443
2023-05-10,3.403150446207494
2023-05-11,3.439910977841148
2023-05-12,3.5545455173735725
2023-05-15,3.523549486892902
2023-05-16,3.5317286042885687
2023-05-17,3.512843353616649
2023-05-18,3.5426948822245397
2023-05-19,3.690339499506962
2023-05-22,3.5681928313767663
2023-05-23,3.5734482560944354
2023-05-24,3.6050448781341498
2023-05-25,3.587094953406641
2023-05-26,3.5160182088723992
2023-05-29,3.5120026825086956
2023-05-30,3.543718899100119
2023-05-31,3.568788995868932
2023-06-01,3.561948971331679
2023-06-02,3.565965539032076
2023-06-05,3.6242121814970236
2023-06-06,3.651125657172395
2023-06-07,3.7749296966616903
2023-06-08,3.729768211331498
2023-06-09,3.71840578770235
2023-06-12,3.7165253383019845
2023-06-13,3.716493375883445
2023-06-14,3.5919996087153656
2023-06-15,3.5413290788012723
2023-06-16,3.5541916882925726
2023-06-19,3.5229544169994913
2023-06-20,3.5300269521307275
2023-06-21,3.507767226326063
2023-06-22,3.486968404499322
2023-06-23,3.503557171286646
2023-06-26,3.533787480443655
2023-06-27,3.5215974707321926
2023-06-28,3.548025551912069
2023-06-29,3.548025551912069
2023-06-30,3.5564760089282554
2023-07-03,3.510068337580922
2023-07-04,3.5144543543262348
2023-07-05,3.508509858628404
2023-07-06,3.518215309861093
2023-07-07,3.610250296738011
2023-07-10,3.520330353569479
2023-07-11,3.5377296255225
2023-07-12,3.520713511700924
2023-07-13,3.543999262314397
2023-07-14,3.5784745656064842
2023-07-17,3.5685587566695744
2023-07-18,3.627495897449414
2023-07-19,3.6035577216173227
2023-07-20,3.643601465704073
2023-07-21,3.693747906746143
2023-07-24,3.8167881794804916
2023-07-25,3.772745492275307
2023-07-26,3.8426091055019587
2023-07-27,3.7713005255436585
2023-07-28,3.730681354028384
2023-07-31,3.7467608023346184
2023-08-01,3.7448783617907893
2023-08-02,3.7458002112599136
2023-08-03,3.727200034650293
2023-08-04,3.71457303142291
2023-08-07,3.7226971309341472
2023-08-08,3.752045609210077
2023-08-09,3.772053205187877
2023-08-10,3.7332117836745216
2023-08-11,3.7330120048884314
2023-08-14,3.764364755061127
2023-08-15,3.764364755061127
2023-08-16,3.6987402867405574
2023-08-17,3.7052530459140165
2023-08-18,3.651031146755745
2023-08-21,3.6604134418068277
2023-08-22,3.623902907113502
2023-08-23,3.6516355914663627
2023-08-24,3.635813818854686
2023-08-25,3.6366996432762324
2023-08-28,3.6988453779788095
2023-08-29,3.6681519740522024
2023-08-30,3.6693017457288573
2023-08-31,3.7076413473201892
2023-09-01,3.728531840708989
2023-09-04,3.7255690087600595
2023-09-05,3.7390028050556907
2023-09-06,3.7325044641877696
2023-09-07,3.7565140046044263
2023-09-08,3.72286688897786
2023-09-11,3.8266808505499252
2023-09-12,3.850377976326513
2023-09-13,3.923376764005578
2023-09-14,3.94911772653548
2023-09-15,3.913110998792053
2023-09-18,3.8994077030329564
2023-09-19,3.8994077030329564
2023-09-20,3.9793565882289563
2023-09-21,3.9516134524527793
2023-09-22,3.950068957762298
2023-09-25,3.8472281138490843
2023-09-26,3.8080471212415183
2023-09-27,3.821706138237902
2023-09-28,3.822656419219509
2023-09-29,4.017366103264083
2023-10-02,4.017366103264083
2023-10-03,3.9780544648782197
2023-10-04,3.906081979441172
2023-10-05,3.8558183903581806
2023-10-06,3.8665473869820257
2023-10-09,3.8645127159503154
2023-10-10,3.871699891291936
2023-10-11,3.8732013914653063
2023-10-12,3.929527018702382
2023-10-13,3.9447146638498687
2023-10-16,3.9528218163290667
2023-10-17,3.977762727268761
2023-10-18,4.028529148446253
2023-10-19,3.9689007408292802
2023-10-20,3.9788573946897863
2023-10-23,3.9548642185648344
2023-10-24,3.9548642185648344
2023-10-25,3.8976154728436683
2023-10-26,3.8928742987079854
2023-10-27,3.8505541971277015
2023-10-30,3.8364391387685615
2023-10-31,3.8670785970254986
2023-11-01,3.848559291565591
2023-11-02,3.8498694360475074
2023-11-03,3.786743664362767
2023-11-06,3.828420877978827
2023-11-07,3.7905389382868933
2023-11-08,3.7470573252798793
2023-11-09,3.8026408920689914
2023-11-10,3.7425059361499606
2023-11-13,3.573841789091622
2023-11-14,3.573841789091622
2023-11-15,3.6538241571690815
2023-11-16,3.686993441397181
2023-11-17,3.693079532060688
2023-11-20,3.7219616405926423
2023-11-21,3.6927720983093337
2023-11-22,3.678213024057291
2023-11-23,3.719993718623895
2023-11-24,3.716593427212194
2023-11-27,3.716593427212194
2023-11-28,3.72070864549873
2023-11-29,3.700638156598435
2023-11-30,3.7314797600107408
2023-12-01,3.7524837814161227
2023-12-04,3.73240678600577
2023-12-05,3.742865075368538
2023-12-06,3.8092645527204123
2023-12-07,3.7611451550064476
2023-12-08,3.770115812486484
2023-12-11,3.80813713963642
2023-12-12,3.749130668506382
2023-12-13,3.7710664584468034
2023-12-14,3.8076880806554634
2023-12-15,3.7867766927745006
2023-12-18,3.61490018913838
2023-12-19,3.618473171018504
2023-12-20,3.6063346522880178
2023-12-21,3.665871454323053
2023-12-22,3.6862568578698216
2023-12-25,3.6862568578698216
2023-12-26,3.7161291184140754
2023-12-27,3.6830718903060777
2023-12-28,3.7432072881385494
2023-12-29,3.716929089922104
2024-01-01,3.6837259440967802
2024-01-02,3.736079216298835
2024-01-03,3.7683358666882523
2024-01-04,3.7595508595178337
2024-01-05,3.7226011790363582
2024-01-08,3.674126269453943
2024-01-09,3.6967618365085286
2024-01-10,3.710137054434192
2024-01-11,3.7054136998729614
2024-01-12,3.6766518140137077
2024-01-15,3.8020544454142318
2024-01-16,3.730396118020618
2024-01-17,3.6547082530594253
2024-01-18,3.6455244578505273
2024-01-19,3.632078274953196
2024-01-22,3.632078274953196
2024-01-23,3.542002338966837
2024-01-24,3.575139926670696
2024-01-25,3.632060925133727
2024-01-26,3.632060925133727
2024-01-29,3.6055779357941233
2024-01-30,3.565661044905811
2024-01-31,3.6309843652005824
2024-02-01,3.563565061475776
2024-02-02,3.5524911614238537
2024-02-05,3.5596075609825313
2024-02-06,3.434825987234202
2024-02-07,3.438302542020674
2024-02-08,3.3464240566716157
2024-02-09,3.292413658049586
2024-02-12,3.1064761509265733
2024-02-13,3.1050891715856626
2024-02-14,2.958615091823459
2024-02-15,2.9582704368279575
2024-02-16,3.0979245494300507
2024-02-19,3.036626049900031
2024-02-20,3.152502726399719
2024-02-21,3.171443106987782
2024-02-22,3.170128992937032
2024-02-23,3.089844933034737
2024-02-26,3.099502893414547
2024-02-27,3.0999450984348673
2024-02-28,3.0867960049942145
2024-02-29,3.0925278849506395
2024-03-01,3.0956711546489526
2024-03-04,3.056475058691447
2024-03-05,3.0169165267593065
2024-03-06,3.0172806982041696
2024-03-07,3.045423412501423
2024-03-08,3.045423412501423
2024-03-11,3.0029638480942573
2024-03-12,2.9845013553597077
2024-03-13,2.9234110506439013
2024-03-14,2.9418993698460945
2024-03-15,2.946498305673236
2024-03-18,2.966529839701808
2024-03-19,2.949629816413884
2024-03-20,2.991592656653415
2024-03-21,2.9442394487128603
2024-03-22,2.9476082004910396
2024-03-25,2.9476082004910396
2024-03-26,2.9015106131432944
2024-03-27,2.9497195750746066
2024-03-28,2.9363448115321127
